INSERT INTO HandleBar(handlebarID, width, handlebarMaterialType)
VALUES
('S Works Carbon Mini Rise', 720, 'Carbon'),
('Specialized DH', 800, 'Carbon'),
('Specialized Trail', 780, 'Carbon'),
('Specialized 6061 Alloy', 750, 'Metal Alloy'),
('Specialized 7050 Alloy', 720, 'Metal Alloy'),
('Specialized 6000 Alloy', 720, 'Metal Alloy'),
('Bontrager XXX', 780, 'Carbon'),
('Bontrager Line Pro', 750, 'Carbon'),
('Bontrager Line Pro v2', 780, 'Carbon'),
('Bontrager Alloy', 750, 'Metal Alloy'),
('Bontrager Rhythm Pro', 780, 'Carbon'),
('Bontrager Line', 820, 'Metal'),
('Bontrager Race Lite', 720, 'Metal'),
('Yeti Carbon', 760, 'Carbon'),
('Yeti Long Carbon', 800, 'Carbon'),
('Race Face Respond', 785, 'Metal'),
('Race Face Evolve', 750, 'Metal'),
('Deity DC31 Mohawk', 787, 'Carbon'),
('Deity Blacklabel', 800, 'Metal'),
('Marin Mini-Riser', 780, 'Metal Alloy'),
('Marin Mini-Riser Small', 720, 'Metal Alloy'),
('Syncros FL1.0 SL', 720, 'Carbon'),
('Syncros FL2.0 Mini Riser', 740, 'Metal Alloy'),
('Syncros DH1.5', 800, 'Metal'),
('HL MTB-AL-325BT', 680, 'Metal Alloy'),
('HL MTB-AL-312BT', 720, 'Metal Alloy'),
('Syncros M3.0', 680, 'Metal'),
('Race Face Aeffect', 780, 'Metal'),
('Race Face Chester', 780, 'Metal'),
('All Terra AL6061 DB', 760, 'Metal Alloy'),
('All Terra Riser Bar', 740, 'Metal'),
('DB Pro Bar', 740, 'Metal'),
('DB35 Alloy', 760, 'Metal Alloy'),
('DB Laser Bar', 720, 'Metal'),
('Diamondback Pro Bar', 740, 'Carbon'),
('DB SL318B', 685, 'Metal');

INSERT INTO Crankset(cranksetID, cranksetLength)
VALUES
('Race Face Next SL G4', 165),
('SRAM XX1 Eagle', 170),
('SRAM XX1 Eagle Boost', 170),
('Race Face Aeffect', 180),
('SRAM X0 DH', 155),
('Truvativ Stylo', 165),
('Custom SRAM Descendant BB30', 155),
('SRAM Descendant 7k Eagle', 160),
('SRAM Stylo Carbon', 175),
('Shimano Saint', 155),
('Truvativ Descendant', 175),
('Race Face Next R', 170),
('SRAM XO1 Carbon Eagle', 170),
('Race Face Turbine', 155),
('SRAM GX Eagle', 170),
('SRAM X01 Eagle', 165),
('SRAM Descendant 6K Aluminum', 145),
('FSA Comet', 160),
('FSA V-Drive', 150),
('Marin Forged Alloy', 180),
('Race Face RXC Double', 175),
('Truvativ Ruktion', 155),
('Shimano FC-TY501', 160),
('Shimano FC-TY301', 160),
('Shimano FC-M3000', 165),
('Shimano FC-M2000', 155),
('Race Face Chester', 145),
('Race Face Ride', 170),
('All Terra Charm', 170),
('All Terra Boost Z-501', 145),
('All Terra V-401', 160),
('All Terra Forged Alloy', 175),
('SRAM Powerspline', 180),
('SRAM NX', 170),
('SR Suntour XCC', 165);

INSERT INTO Wheel(wheelID, wheelSize)
VALUES
('Fast Trak', 29),
('Butcher', 29),
('Butcher', 27.5),
('Purgatory', 29),
('Purgatory', 27.5),
('Bontrager XR2 Team Issue', 29),
('Bontrager XR4 Team Issue', 29),
('Bontrager XR1 Team Issue', 29),
('Bontrager SE4 Team Issue', 29),
('Bontrager Hodag', 27.5),
('Bontrager SE4 Team Issue', 27.5),
('Schwalbe Nobby Nic Performance', 27.5),
('Schwalbe Nobby Nic Performance', 25),
('Bontrager G4 Team Issue', 27.5),
('Maxxis Ardent EXO', 27.5),
('Maxxis Minion DHF EXO', 29),
('Maxxis Minion DHF 2.5', 26),
('Maxxis Rekon EXO', 27.5),
('WTB Vigilante', 29),
('WTB Convict', 27.5),
('Vee Tire Crown Gem', 27.5),
('WTB Trail Boss', 29),
('WTB Breakout', 27.5),
('Vee Tire Crown Gem', 29),
('Schwalbe Tough Tom', 27.5),
('Maxxis Aspen', 29),
('Schwalbe Jumbo Jim', 26),
('Schwalbe Downhill Evolution Line', 27.5),
('Kenda K-905', 26),
('Kenda Slant', 26),
('Maxxis Aspen', 27),
('Schwalbe Magic Mary Bikepark', 27.5),
('Schwalbe Magic Mary Snakeskin', 27.5),
('Schwalbe Magic Mary Performance', 27.5),
('WTB Ranger Comp', 27.5),
('Schwalbe Rocket Ron Performance', 27.5),
('WTB Trail Blazer', 27.5),
('All Terra Cypher', 27.5),
('Chaoyang Cruiser', 26),
('Chaoyang Big Daddy', 27.5),
('Schwalbe Rapid Rob', 27.5),
('Kenda Honey Badger', 29),
('Kenda Honey Badger', 27.5),
('Kenda Nevegal Lite', 27.5),
('Schwalbe Hans Dampf Performance', 27.5);


INSERT INTO Frame(frameID, frameType, frameMaterialType)
VALUES
('S-Works FACT 12M', 'XC Geometry', 'Steel'),
('S-Works FACT IS-X 11M', 'XC Geometry', 'Carbon'),
('S-Works FACT 11M', 'XC Geometry', 'Carbon'),
('S-Works FACT 9M', 'XC Geometry', 'Metal Alloy'),
('S-Works FACT 11M', 'S3 Geometry', 'Carbon'),
('S-Works M5 Alloy', 'S3 Geometry', 'Metal Alloy'),
('OCLV Mountain Carbon', 'G2 Geometry', 'Carbon'),
('Super Light OCLV Mountain Carbon', 'G2 Geometry', 'Carbon'),
('Alpha Platinum Aluminum', 'G2 Geometry', 'Aluminum'),
('High Modulus Yeti SB5', 'S3 Geometry', 'Carbon'),
('High Modulus Yeti SB5.5', 'S3 Geometry', 'Carbon'),
('High Modulus Yeti SB4.5', 'S3 Geometry', 'Carbon'),
('Yeti SB6 Turq', 'XC Geometry', 'Metal Alloy'),
('High Modulus Yeti SB6', 'XC Geometry', 'Carbon'),
('High Modulus Beti SB5', 'S3 Geometry', 'Carbon'),
('Series 7 Unidirectional', 'XC Geometry', 'Carbon'),
('Series 4 6061', 'XC Geometry', 'Aluminum'),
('Series 3 6061', 'XC Geometry', 'Aluminum'),
('Double Butted CrMo', 'G2 Geometry', 'Steel'),
('Series 2 6061', 'S3 Geometry', 'Aluminum'),
('Spark RC Carbon', 'XC Geometry', 'Carbon'),
('Big Jon Alloy 6061', 'XC Geometry', 'Metal Alloy'),
('Genius Alloy 6061', 'XC Geometry', 'Metal Alloy'),
('Gambler Alloy 6061', 'G2 Geometry', 'Metal Alloy'),
('Voltage YZ 6061', 'S3 Geometry', 'Steel'),
('Aspect 900 Series', 'XC Geometry', 'Metal Alloy'),
('Contessa Sport 700 Series', 'XC Geometry', 'Aluminum'),
('COR Downhill Design', 'S3 Geometry', 'Metal Alloy'),
('COR Enduro Design', 'S3 Geometry', 'Metal Alloy'),
('Hydroformed 6069', 'XC Geometry', 'Aluminum'),
('T6 6061', 'XC Geometry', 'Aluminum'),
('El Oso Butted T6 6061', 'XC Geometry', 'Aluminum'),
('Lux 27.5 Butted T6 6061', 'XC Geometry', 'Aluminum'),
('Diamondback AMMP XC MTB', 'G2 Geometry', 'Carbon'),
('Diamondback Recoil T6 6061', 'XC Geometry', 'Aluminum'),
('Overdrive Butted T6 6061', 'XC Geometry', 'Aluminum');


INSERT INTO Shifter(shifterID, family)
VALUES
('Shimano XTR Di2', 'Trigger'),
('SRAM XX1 Eagle', 'Trigger'),
('SRAM GX', 'Trigger'),
('SRAM X0 DH', 'Trigger'),
('SRAM X01 Eagle', 'Trigger'),
('SRAM X7', 'Trigger'),
('SRAM GX Eagle', 'Trigger'),
('Shimano SLX M7000', 'Trigger'),
('Shimano Saint', 'Trigger'),
('Shimano XT', 'Trigger'),
('SRAM NX', 'Trigger'),
('Shimano Deore', 'Twist'),
('SRAM XX1', 'Trigger'),
('SRAM X4', 'Trigger'),
('Shimano ST-EF', 'Twist'),
('Shimano SL-M2000-9R', 'Trigger'),
('Shimano Alivio', 'Twist'),
('SRAM X5', 'Trigger'),
('Shimano Altus', 'Twist');


INSERT INTO Brake(brakeID, brakeType)
VALUES
('Shimano XTR M9000', 'Mechanical'),
('SRAM Level Ultimate', 'Hydraulic'),
('SRAM Code RSC', 'Hydraulic'),
('SRAM Guide RS Carbon', 'Hydraulic'),
('SRAM Guide RS', 'Hydraulic'),
('SRAM Level TL', 'Mechanical'), 
('SRAM Level TLM', 'Hydraulic'),
('SRAM Level Ultimate Carbon', 'Hydraulic'),
('Shimano Deore M6000', 'Hydraulic'),
('Shimano Saint', 'Hydraulic'),
('SRAM Code R', 'Hydraulic'),
('Shimano MT500', 'Hydraulic'),
('SRAM Centerline 180', 'Mechanical'),
('SRAM Guide RCS 180', 'Hydraulic'),
('SRAM Guide R', 'Mechanical'),
('Shimano SLX 180', 'Mechanical'),
('Shimano BR-M315', 'Hydraulic'),
('Shimano BR-M425', 'Hydraulic'),
('Shimano BR-M365', 'Hydraulic'),
('Shimano BR-M640', 'Hydraulic'),
('Shimano M-396', 'Mechanical'),
('Tektro Mech', 'Mechanical'),
('Promax TX-107L', 'Mechanical'),
('TRP Spyre', 'Mechanical'),
('Tektro Auriga', 'Hydraulic'),
('Tektro Aries', 'Mechanical');


INSERT INTO FrontShock(frontShockID, fs_travel_mm)
VALUES
('Ohlins RXF 36', 110),
('FOX 34 Factory 29', 120),
('RockShox Reba RL 27.5', 130),
('RockShox BoXXer WC 27.5', 200),
('RockShox SID 29 Brain', 100),
('RockShox Reba RL 29', 100),
('FOX 32 Factory Float', 100),
('FOX 36 Performance Float', 160),
('Manitou Mastodon 34 Comp', 120),
('RockShox Lyrik RCT3', 160),
('RockShox Recon RL', 130),
('FOX Factory 40 FIT RC2', 203),
('FOX 34 Factory 29', 150),
('FOX 34 Factory 29', 110),
('FOX Float X2 Factory', 200),
('RockShox Recon Gold RL', 130),
('RockShox Revelation RC', 120),
('CrMo', 110),
('RockShox Recon Silver', 100),
('Rigid Alloy', 150),
('Suntour XCM', 100),
('HL Zoom 565 VB', 100),
('Suntour XCR-RL-R', 100),
('RockShox Yari RC Boost', 170),
('Suntour XCR 32', 120),
('Suntour XCT', 100),
('All Terra CH-525', 80),
('DB El Oso Custom', 150),
('RockShox Pike RC', 150);


INSERT INTO RearShock(rearShockID, rs_travel_mm)
VALUES
('RockShox Specialized Micro Brain', 257),
('Ohlins STX Custom', 216),
('Ohlins STX Custom', 197),
('FOX Factory Float', 205),
('FOX Performance Float', 205),
('Ohlins TTX Custom', 200),
('RockShox Brain', 257),
('FOX Specialized Van RC', 200),
('RockShox Deluxe RT3', 230),
('RockShox Deluxe RL', 205),
('RockShox Deluxe RT', 210),
('FOX Factory DHX 2 SLS', 210),
('FOX Performance Beti', 210),
('FOX 36 Factory Float', 110),
('RockShox Monarch Plus RCT3', 200),
('FOX Nude Trunnion Scott', 165),
('FOX Factory Float', 185),
('FOX Van R Coil', 267),
('RockShox Vivid Coil', 225),
('FOX Racing Shox Performance Elite', 265),
('X-Fusion 02 Pro RL', 155),
('All Terra AO-42 AR', 135),
('Kindshock Coil', 190),
('Suntour Raidon-R', 184);


INSERT INTO Derailleur(derailleurID, derailleurFamily)
VALUES
('Shimano XTR M9050', 'XTR'),
('SRAM XX1 Eagle 12-speed', 'XX1'),
('SRAM GX 11-speed', 'GX'),
('SRAM X01 DH 7-speed', 'X01'),
('SRAM X01 Eagle 12-speed', 'X01'),
('SRAM GX Eagle 12-speed', 'GX'),
('Shimano Deore XT M8000', 'Deore'),
('Shimano Saint', 'Saint'),
('Shimano XT 11-speed', 'XT'),
('SRAM NX 11-speed', 'NX'),
('Shimano RD-M7000 11-speed', 'RD'),
('Shimano SLX GS 11-speed', 'SLX'),
('Shimano Deore Shadow Plus 10-speed', 'Deore'),
('Shimano Deore FD-M618-D 10-speed', 'Deore'),
('E.thirteen LG-1 ISCG05 10-speed', 'LG'),
('Shimano RD-TY300 21-speed', 'RD'),
('Shimano Deore RD-M592 27-speed', 'Deore'),
('Shimano Alivio RD-M4000 27-speed', 'RD'),
('Micro-Shift FD-M462 9-speed', 'FD'),
('Shimano Altus FD-M370 9-speed', 'FD'),
('SRAM X5 15-speed', 'X5'),
('SRAM X1 X-Horizon 11-speed', 'X1'),
('SRAM X5 9-speed', 'X5');


INSERT INTO Manufacturer(manufacturerName, address, website)
VALUES
('Specalized','15130 Concord Circle, Morgan Hill, CA 95037','https://www.specialized.com/us/en'),
('Trek','801 W Madison Street, Waterloo, WI 53594','https://www.trekbikes.com/us/en_US/'),
('Yeti','621 Corporate Cir, Golden, CO 80401','http://www.yeticycles.com/'),
('Marin','265 Bel Marin Keys Blvd, Novato, CA 94949','https://www.marinbikes.com/'),
('Scott','2735 E. Parleys Way Suite #203, Salt Lake City, UT 84109','https://www.scott-sports.com/global/en/sports/bike'),
('GT','1 Cannondale Way, Wilton, CT 06897','http://www.gtbicycles.com/usa_en/'),
('Diamondback','6004 South 190th Street Suite 101, Kent, WA 98032','https://www.diamondback.com/');


INSERT INTO Bike(modelName, manufacturerName, derailleurID, rearShockID, frontShockID, brakeID, shifterID, frameID, wheelID, cranksetID, handlebarID, price, year, picture)
VALUES
('Epic XTR Di2', 'Specalized', 'Shimano XTR M9050 Di2', 'RockShox Specialized Micro Brain', 'RockShox SID 29 Brain', 'Shimano XTR M9000', 'Shimano XTR Di2', 'S-Works FACT 12M', 'Fast Trak', 'Race Face Next SL G4', 'S Works Carbon Mini Rise', 9999.99, 2018, 'Epic_XTR_Di2.PNG'),
('S-Works Epic XX1 Eagle', 'Specalized', 'SRAM XX1 Eagle 12-speed', 'RockShox Specialized Micro Brain', 'RockShox SID 29 Brain', 'SRAM Level Ultimate', 'SRAM XX1 Eagle', 'S-Works FACT 12M', 'Fast Trak', 'SRAM XX1 Eagle', 'S Works Carbon Mini Rise', 9499.99, 2018, 'S_Works_Epic_XX1_Eagle.PNG'),
('S-Works Enduro 29/6Fattie', 'Specalized', 'SRAM XX1 Eagle 12-speed', 'Ohlins STX Custom', 'Ohlins RXF 36', 'SRAM Code RSC', 'SRAM XX1 Eagle', 'S-Works FACT IS-X 11M', 'Butcher', 'SRAM XX1 Eagle', 'Specialized DH', 8500.00, 2018, 'S_Works_Enduro_29_6Fattie.PNG'),
('S-Works Stumpjumper 27.5', 'Specalized', 'SRAM XX1 Eagle 12-speed', 'FOX Factory Float', 'FOX 34 Factory 29', 'SRAM Level Ultimate', 'SRAM XX1 Eagle', 'S-Works FACT 11M', 'Purgatory', 'SRAM XX1 Eagle', 'Specialized Trail', 8200.00, 2018, 'S_Works_Camber_29.PNG'),
('Camber Comp Carbon 27.5', 'Specalized', 'SRAM GX 11-speed', 'FOX 36 Performance Float', 'RockShox Reba RL 27.5', 'SRAM Level TL', 'SRAM GX', 'S-Works FACT 9M', 'Purgatory', 'Race Face Aeffect', 'Specialized 6061 Alloy', 3500.00, 2017, 'Camber_Comp_Carbon_27.5.PNG'),
('S-Works Demo 8', 'Specalized', 'SRAM X01 DH 7-speed', 'Ohlins TTX Custom', 'RockShox BoXXer WC 27.5', 'SRAM Code RSC', 'SRAM X0 DH', 'S-Works FACT 11M', 'Butcher', 'SRAM X0 DH', 'Specialized DH', 7500.00, 2016, 'S_Works_Demo_8.PNG'),
('Mens Epic Pro', 'Specalized', 'SRAM X01 Eagle 12-speed', 'RockShox Specialized Micro Brain', 'RockShox SID 29 Brain', 'SRAM Level TLM', 'SRAM X01 Eagle', 'S-Works FACT 11M', 'Fast Trak', 'Truvativ Stylo', 'Specialized 7050 Alloy', 6500.00, 2018, 'Mens_Epic_Pro.PNG'),
('Womens Epic Comp Carbon', 'Specalized', 'SRAM GX 11-speed', 'RockShox Brain', 'RockShox Reba RL 29', 'SRAM Level TL', 'SRAM GX', 'S-Works FACT 11M', 'Fast Trak', 'Race Face Aeffect', 'Specialized 6000 Alloy', 4400.00, 2017, 'Womens_Epic_Comp_Carbon.PNG'),
('Demo 8 I Alloy', 'Specalized', 'SRAM GX 11-speed', 'FOX Specialized Van RC', 'RockShox BoXXer WC 27.5', 'SRAM Guide RS Carbon', 'SRAM X7', 'S-Works M5 Alloy', 'Butcher', 'Custom SRAM Descendant BB30', 'Specialized DH', 3500.00, 2018, 'Demo_8_I_Alloy.PNG'),
('S-Works Camber 29', 'Specalized', 'SRAM XX1 Eagle 12-speed', 'FOX Factory Float', 'FOX 34 Factory 29', 'SRAM Level Ultimate', 'SRAM XX1 Eagle', 'S-Works FACT 11M', 'Purgatory', 'SRAM XX1 Eagle', 'Specialized Trail', 8200.00, 2018, 'S_Works_Camber_29.PNG'),
('Top Fuel 9.9 Race Shop Limited', 'Trek', 'SRAM XX1 Eagle 12-speed', 'FOX Factory Float', 'FOX 32 Factory Float', 'SRAM Level Ultimate Carbon', 'SRAM XX1 Eagle', 'OCLV Mountain Carbon', 'Bontrager XR2 Team Issue', 'SRAM XX1 Eagle', 'Bontrager XXX', 8999.99, 2018, 'Top_Fuel_9.9_Race_Shop_Limited.PNG'),
('Fuel EX 9.9 29', 'Trek', 'SRAM XX1 Eagle 12-speed', 'FOX Factory Float', 'FOX 34 Factory 29', 'SRAM Level Ultimate Carbon', 'SRAM XX1 Eagle', 'OCLV Mountain Carbon', 'Bontrager XR4 Team Issue', 'SRAM XX1 Eagle', 'Bontrager Line Pro', 8899.99, 2018, 'Fuel_EX_9.9_29.PNG'),
('Procaliber 9.9 SL Race Shop Limited', 'Trek', 'SRAM XX1 Eagle 12-speed', NULL, 'FOX 32 Factory Float', 'SRAM Level Ultimate Carbon', 'SRAM XX1 Eagle', 'Super Light OCLV Mountain Carbon', 'Bontrager XR1 Team Issue', 'SRAM XX1 Eagle', 'Bontrager XXX', 8499.99, 2018, 'Procaliber_9.9_SL_Race_Shop_Limited.PNG'),
('Slash 9.8', 'Trek', 'SRAM GX Eagle 12-speed', 'RockShox Deluxe RT3', 'FOX 36 Performance Float', 'SRAM Guide RS', 'SRAM GX Eagle', 'OCLV Mountain Carbon', 'Bontrager SE4 Team Issue', 'SRAM Descendant 7k Eagle', 'Bontrager Line Pro', 5499.99, 2018, 'Slash_9.8.PNG'),
('Farley EX 9.8', 'Trek', 'SRAM GX Eagle 12-speed', 'FOX 36 Performance Float', 'Manitou Mastodon 34 Comp', 'SRAM Guide RS', 'SRAM GX Eagle', 'OCLV Mountain Carbon', 'Bontrager Hodag', 'SRAM Stylo Carbon', 'Bontrager Line Pro', 5499.99, 2018, 'Farley_EX_9.8.PNG'),
('Remedy 9.8 27.5', 'Trek', 'SRAM GX Eagle 12-speed', 'RockShox Deluxe RT3', 'RockShox Lyrik RCT3', 'SRAM Guide RS', 'SRAM GX Eagle', 'OCLV Mountain Carbon', 'Bontrager SE4 Team Issue', 'SRAM Descendant 7k Eagle', 'Bontrager Line Pro v2', 4999.99, 2018, 'Remedy_9.8_27.5.PNG'),
('Powerfly 7 FS Plus', 'Trek', 'Shimano Deore XT M8000', 'RockShox Deluxe RL', 'RockShox Recon RL', 'Shimano Deore M6000', 'Shimano SLX M7000', 'Alpha Platinum Aluminum', 'Schwalbe Nobby Nic Performance', 'Race Face Aeffect', 'Bontrager Alloy', 4999.99, 2018, 'Powerfly_7_FS_Plus.PNG'),
('Session 9.9', 'Trek', 'Shimano Saint', 'FOX Factory DHX 2 SLS', 'FOX Factory 40 FIT RC2', 'Shimano Saint', 'Shimano Saint', 'OCLV Mountain Carbon', 'Bontrager G4 Team Issue', 'Shimano Saint', 'Bontrager Rhythm Pro', 4999.99, 2016, 'Session_9.9.PNG'),
('Session 88 DH 27.5', 'Trek', 'SRAM X01 DH 7-speed', 'FOX 36 Performance Float', 'RockShox BoXXer WC 27.5', 'SRAM Code R', 'SRAM X0 DH', 'Alpha Platinum Aluminum', 'Bontrager G4 Team Issue', 'Truvativ Descendant', 'Bontrager Line', 3999.99, 2017, 'Session_88_DH_27.5.PNG'),
('Procaliber 8', 'Trek', 'Shimano Deore XT M8000', NULL, 'RockShox Reba RL 29', 'Shimano MT500', 'Shimano SLX M7000', 'Alpha Platinum Aluminum', 'Bontrager XR2 Team Issue', 'Race Face Next R', 'Bontrager Race Lite', 2099.99, 2018, 'Procaliber_8.PNG'),
('SB5 Turq XX1 Eagle', 'Yeti', 'SRAM XX1 Eagle 12-speed', 'FOX Factory Float', 'FOX 34 Factory 29', 'SRAM Code RSC', 'SRAM XX1 Eagle', 'High Modulus Yeti SB5', 'Maxxis Ardent EXO', 'SRAM XO1 Carbon Eagle', 'Yeti Carbon', 7999.00, 2018, 'SB5_Turq_XX1_Eagle.PNG'),
('SB5 Turq X01 Eagle', 'Yeti', 'SRAM X01 Eagle 12-speed', 'FOX 36 Performance Float', 'FOX 34 Factory 29', 'SRAM Centerline 180', 'SRAM X01 Eagle', 'High Modulus Yeti SB5', 'Maxxis Ardent EXO', 'SRAM X01 Carbon Eagle', 'Yeti Carbon', 6999.00, 2018, 'SB5_Turq_X01_Eagle.PNG'),
('SB5.5 Turq XT', 'Yeti', 'Shimano Deore XT M8000', 'FOX 36 Performance Float', 'FOX 36 Performance Float', 'Shimano XTR M9000', 'Shimano XT', 'High Modulus Yeti SB5.5', 'Maxxis Minion DHF EXO', 'Race Face Turbine', 'Yeti Long Carbon', 6599.00, 2018, 'SB5.5_Turq_XT.PNG'),
('SB4.5 Turq X01', 'Yeti', 'SRAM X01 Eagle 12-speed', 'FOX Factory Float', 'FOX 34 Factory 29', 'SRAM Guide RCS 180', 'SRAM X01 Eagle', 'High Modulus Yeti SB4.5', 'Maxxis Ardent EXO', 'SRAM X01 Carbon Eagle', 'Yeti Carbon', 6999.00, 2018, 'SB4.5_Turq_X01.PNG'),
('SB5.5 Carbon GX', 'Yeti', 'SRAM GX Eagle 12-speed', 'FOX 36 Performance Float', 'FOX 36 Performance Float', 'SRAM Guide R', 'SRAM GX Eagle', 'High Modulus Yeti SB5.5', 'Maxxis Minion DHF EXO', 'SRAM GX Eagle', 'Race Face Respond', 5399.00, 2018, 'SB5.5_Carbon_GX.PNG'),
('SB6 Turq X01', 'Yeti', 'SRAM X01 Eagle 12-speed', 'FOX 36 Performance Float', 'FOX 36 Performance Float', 'SRAM Centerline 180', 'SRAM X01 Eagle', 'Yeti SB6 Turq', 'Maxxis Minion DHF 2.5', 'SRAM X01 Carbon Eagle', 'Yeti Long Carbon', 7199.00, 2018, 'SB6_Turq_X01.PNG'),
('SB6 Carbon GX Eagle', 'Yeti', 'SRAM X01 Eagle 12-speed', 'FOX 36 Performance Float', 'FOX 36 Performance Float', 'SRAM Centerline 180', 'SRAM GX Eagle', 'High Modulus Yeti SB6', 'Maxxis Minion DHF 2.5', 'SRAM X01 Eagle', 'Race Face Respond', 5399.00, 2018, 'SB6_Carbon_GX_Eagle.PNG'),
('SB4.5 Carbon XT/SLX', 'Yeti', 'Shimano XT 11-speed', 'FOX 36 Performance Float', 'FOX 34 Factory 29', 'Shimano SLX 180', 'Shimano SLX M7000', 'High Modulus Yeti SB4.5', 'Maxxis Minion DHF EXO', 'Race Face Aeffect', 'Race Face Evolve', 4799.00, 2018, 'SB4.5_Carbon_XT_SLX.PNG'),
('SB5+ Carbon XT/SLX Storm', 'Yeti', 'Shimano XT 11-speed', 'FOX 36 Performance Float', 'FOX 34 Factory 29', 'Shimano SLX 180', 'Shimano SLX M7000', 'High Modulus Yeti SB5', 'Maxxis Rekon EXO', 'Race Face Aeffect', 'Race Face Evolve', 4799.00, 2018, 'SB5+_Carbon_XT_SLX_Storm.PNG'),
('Beti SB5 Carbon GX Eagle', 'Yeti', 'SRAM X01 DH 7-speed', 'FOX Performance Beti', 'FOX 34 Factory 29', 'SRAM Guide R', 'SRAM GX Eagle', 'High Modulus Beti SB5', 'Maxxis Ardent EXO', 'SRAM GX Eagle', 'Race Face Evolve', 5199.00, 2017, 'Beti_SB5_Carbon_GX_Eagle.PNG'),
('Wolf Ridge Pro', 'Marin', 'SRAM XX1 Eagle 12-speed', 'FOX 36 Factory Float', 'FOX Float X2 Factory', 'SRAM Level Ultimate Carbon', 'SRAM XX1 Eagle', 'Series 7 Unidirectional', 'WTB Vigilante', 'Truvativ Descendant', 'Deity DC31 Mohawk', 8599.99, 2018, 'Wolf_Ridge_Pro.PNG'),
('Attack Trail 8', 'Marin', 'SRAM GX Eagle 12-speed', 'RockShox Monarch Plus RCT3', 'RockShox Lyrik RCT3', 'Shimano Deore M6000', 'SRAM GX Eagle', 'Series 4 6061', 'WTB Convict', 'SRAM Descendant 6K Aluminum', 'Deity Blacklabel', 4199.99, 2018, 'Attack_Trail_8.PNG'),
('B-17 1', 'Marin', 'SRAM NX 11-speed', 'RockShox Monarch Plus RCT3', 'RockShox Recon Gold RL', 'Shimano BR-M315', 'SRAM NX', 'Series 3 6061', 'Vee Tire Crown Gem', 'FSA Comet', 'Marin Mini-Riser', 2099.99, 2017, 'B_17_1.PNG'),
('Rift Zone 3', 'Marin', 'Shimano RD-M7000 11-speed', 'RockShox Deluxe RT', 'RockShox Revelation RC', 'Shimano Deore M6000', 'Shimano SLX M7000', 'Series 3 6061', 'WTB Trail Boss', 'FSA V-Drive', 'Marin Mini-Riser', 2649.99, 2018, 'Rift_Zone_3.PNG'),
('Hawk Hill 3', 'Marin', 'Shimano SLX GS 11-speed', 'RockShox Monarch Plus RCT3', 'RockShox Revelation RC', 'Shimano Deore M6000', 'Shimano SLX M7000', 'Series 3 6061', 'WTB Breakout', 'FSA V-Drive', 'Marin Mini-Riser', 2649.99, 2018, 'Hawk_Hill_3.PNG'),
('Pine Mountain', 'Marin', 'Shimano Deore Shadow Plus 10-speed', NULL, 'CrMo', 'Shimano BR-M425', 'Shimano Deore', 'Double Butted CrMo', 'Vee Tire Crown Gem', 'Marin Forged Alloy', 'Marin Mini-Riser', 989.99, 2016, 'Pine_Mountain.PNG'),
('Nail Trail 7', 'Marin', 'Shimano SLX GS 11-speed', NULL, 'RockShox Revelation RC', 'Shimano MT500', 'Shimano SLX M7000', 'Series 3 6061', 'Vee Tire Crown Gem', 'FSA Comet', 'Marin Mini-Riser', 1799.99, 2017, 'Nail_Trail_7.PNG'),
('Bobcat Trail 5', 'Marin', 'Shimano Deore Shadow Plus 10-speed', NULL, 'RockShox Recon Silver', 'Shimano BR-M315', 'Shimano Deore', 'Series 2 6061', 'Schwalbe Tough Tom', 'Marin Forged Alloy', 'Marin Mini-Riser Small', 989.99, 2018, 'Bobcat_Trail_5.PNG'),
('Wildcat Trail 5', 'Marin', 'Shimano Deore Shadow Plus 10-speed', NULL, 'RockShox Recon Silver', 'Shimano BR-M365', 'Shimano Deore', 'Series 2 6061', 'Schwalbe Tough Tom', 'Marin Forged Alloy', 'Marin Mini-Riser Small', 989.99, 2018, 'Wildcat_Trail_5.PNG'),
('Wolf Ridge 8', 'Marin', 'SRAM GX Eagle 12-speed', 'RockShox Monarch Plus RCT3', 'RockShox Lyrik RCT3', 'Shimano XTR M9000', 'SRAM GX Eagle', 'Series 7 Unidirectional', 'WTB Vigilante', 'SRAM Descendant 6K Aluminum', 'Marin Mini-Riser', 5199.99, 2018, 'Wolf_Ridge_8.PNG'),
('Spark RC 900 SL', 'Scott', 'SRAM XX1 Eagle 12-speed', 'FOX Nude Trunnion Scott', 'FOX 32 Factory Float', 'SRAM Level Ultimate', 'SRAM XX1', 'Spark RC Carbon', 'Maxxis Aspen', 'SRAM XX1 Eagle Boost', 'Syncros FL1.0 SL', 8999.99, 2018, 'Spark_RC_900_SL.PNG'),
('Big Jon Bike', 'Scott', 'Shimano Deore FD-M618-D 10-speed', NULL, 'Rigid Alloy', 'Shimano M-396', 'Shimano Deore', 'Big Jon Alloy 6061', 'Schwalbe Jumbo Jim', 'Race Face RXC Double', 'Syncros FL2.0 Mini Riser', 1599.99, 2016, 'Big_John_Bike.PNG'),
('Genius 940', 'Scott', 'SRAM GX Eagle 12-speed', 'FOX Factory Float', 'FOX 34 Factory 29', 'Shimano MT500', 'SRAM GX', 'Genius Alloy 6061', 'Schwalbe Nobby Nic Performance', 'SRAM X01 Eagle', 'Syncros FL2.0 Mini Riser', 2999.99, 2017, 'Genius_940.PNG'),
('Gambler 730', 'Scott', 'E.thirteen LG-1 ISCG05 10-speed', 'FOX Van R Coil', 'RockShox BoXXer WC 27.5', 'Shimano Deore M6000', 'SRAM X4', 'Gambler Alloy 6061', 'Schwalbe Downhill Evolution Line', 'Truvativ Ruktion', 'Syncros DH1.5', 2999.99, 2017, 'Gambler_730.PNG'),
('Voltage YZ 20', 'Scott', 'Shimano RD-TY300 21-speed', NULL, 'Suntour XCM', 'Tektro Mech', 'Shimano ST-EF', 'Voltage YZ 6061', 'Kenda K-905', 'Shimano FC-TY501', 'HL MTB-AL-325BT', 1299.99, 2018, 'Voltage_YZ_20.PNG'),
('Aspect 980', 'Scott', 'Shimano RD-TY300 21-speed', NULL, 'HL Zoom 565 VB', 'Promax TX-107L', 'Shimano ST-EF', 'Aspect 900 Series', 'Kenda Slant', 'Shimano FC-TY301', 'HL MTB-AL-312BT', 599.99, 2016, 'Aspect_980.PNG'),
('Contessa Spark RC 900', 'Scott', 'SRAM X01 Eagle 12-speed', 'FOX Nude Trunnion Scott', 'RockShox SID 29 Brain', 'SRAM Level TL', 'SRAM X01 Eagle', 'Spark RC Carbon', 'Maxxis Aspen', 'SRAM XO1 Carbon Eagle', 'Syncros FL1.0 SL', 3499.99, 2018, 'Contessa_Spark_RC_900.PNG'),
('Contessa Scale 40', 'Scott', 'Shimano Deore RD-M592 27-speed', NULL, 'Suntour XCR-RL-R', 'Shimano BR-M315', 'Shimano SL-M2000-9R', 'Contessa Sport 700 Series', 'Kenda Slant', 'Shimano FC-M3000', 'Syncros M3.0', 549.99, 2018, 'Contessa_Scale_40.PNG'),
('Scale RC 900 World Cup', 'Scott', 'SRAM XX1 Eagle 12-speed', NULL, 'RockShox SID 29 Brain', 'SRAM Level TLM', 'SRAM X01', 'Spark RC Carbon', 'Maxxis Aspen', 'SRAM XX1 Eagle Boost', 'Syncros FL1.0 SL', 5499.99, 2018, 'Scale_RC_900_World_Cup.PNG'),
('Contessa Spark 710', 'Scott', 'Shimano Alivio RD-M4000 27-speed', NULL, 'Suntour XCM', 'Shimano BR-M315', 'Shimano SL-M2000-9R', 'Contessa Sport 700 Series', 'Kenda Slant', 'Shimano FC-M2000', 'Syncros M3.0', 3899.99, 2017, 'Contessa_Spark_710.PNG'),
('Fury Pro', 'GT', 'SRAM GX Eagle 12-speed', 'RockShox Vivid Coil', 'RockShox BoXXer WC 27.5', 'SRAM Guide R', 'SRAM GX Eagle', 'COR Downhill Design', 'Schwalbe Magic Mary Bikepark', 'Race Face Chester', 'Race Face Respond', 4499.99, 2017, 'Fury_Pro.PNG'),
('Sanction Pro', 'GT', 'Shimano Deore Shadow Plus 10-speed', 'FOX Racing Shox Performance Elite', 'FOX 36 Performance Float', 'Shimano BR-M640', 'Shimano SLX M7000', 'COR Enduro Design', 'Schwalbe Magic Mary Snakeskin', 'Race Face Aeffect', 'Race Face Aeffect', 4199.99, 2017, 'Sanction_Pro.PNG'),
('Sanction Expert', 'GT', 'SRAM GX 11-speed', 'RockShox Monarch Plus RCT3', 'RockShox Yari RC Boost', 'SRAM Guide R', 'SRAM GX', 'COR Enduro Design', 'Schwalbe Magic Mary Performance', 'Race Face Ride', 'Race Face Chester', 3399.99, 2017, 'Sanction_Expert.PNG'),
('Sensor Elite', 'GT', 'SRAM NX 11-speed', 'RockShox Deluxe RL', 'RockShox Recon RL', 'Shimano BR-M425', 'SRAM NX', 'Hydroformed 6069', 'Schwalbe Nobby Nic Performance', 'Race Face Ride', 'All Terra AL6061 DB', 3200.00, 2017, 'Sensor_Elite.PNG'),
('Verb Expert', 'GT', 'Shimano Deore Shadow Plus 10-speed', 'X-Fusion 02 Pro RL', 'RockShox Recon RL', 'Shimano BR-M425', 'Shimano SLX M7000', 'T6 6061', 'Schwalbe Nobby Nic Performance', 'FSA Comet', 'All Terra AL6061 DB', 1699.99, 2016, 'Verb_Expert.PNG'),
('Verb Elite', 'GT', 'Shimano Deore FD-M618-D 10-speed', 'All Terra AO-42 AR', 'Suntour XCR 32', 'Shimano BR-M315', 'Shimano Deore', 'T6 6061', 'WTB Ranger Comp', 'All Terra Charm', 'All Terra AL6061 DB', 1299.99, 2018, 'Verb_Elite.PNG'),
('Pantera Elite', 'GT', 'Shimano RD-M7000 11-speed', NULL, 'RockShox Recon Silver', 'Shimano BR-M365', 'Shimano SLX M7000', 'T6 6061', 'Schwalbe Rocket Ron Performance', 'FSA Comet', 'All Terra Riser Bar', 1299.99, 2017, 'Pantera_Elite.PNG'),
('Pantera Comp', 'GT', 'Micro-Shift FD-M462 9-speed', NULL, 'Suntour XCR 32', 'Shimano BR-M315', 'Shimano Alivio', 'T6 6061', 'WTB Trail Blazer', 'All Terra Boost Z-501', 'All Terra Riser Bar', 899.99, 2017, 'Pantera_Comp.PNG'),
('Avalanche Sport', 'GT', 'Shimano Altus FD-M370 9-speed', NULL, 'Suntour XCT', 'Shimano BR-M315', 'Shimano SL-M2000-9R', 'T6 6061', 'All Terra Cypher', 'All Terra V-401', 'Specialized 6061 Alloy', 649.99, 2017, 'Avalanche_Sport.PNG'),
('Aggressor Expert', 'GT', 'Shimano RD-TY300 21-speed', NULL, 'All Terra CH-525', 'Shimano Saint', 'Shimano ST-EF', 'T6 6061', 'All Terra Cypher', 'All Terra Forged Alloy', 'Specialized 6061 Alloy', 549.99, 2017, 'Aggressor_Expert.PNG'),
('El Oso Grande', 'Diamondback', 'SRAM X5 15-speed', NULL, 'DB El Oso Custom', 'TRP Spyre', 'SRAM X5', 'El Oso Butted T6 6061', 'Chaoyang Cruiser', 'FSA Comet', 'DB Pro Bar', 1399.99, 2018, 'El_Oso_Grande.PNG'),
('Rely Trail', 'Diamondback', 'Shimano Deore Shadow Plus 10-speed', NULL, 'Suntour XCR 32', 'Tektro Auriga', 'Shimano Deore', 'T6 6061', 'Chaoyang Big Daddy', 'SRAM Powerspline', 'DB35 Alloy', 999.99, 2017, 'Rely_Trail.PNG'),
('Mason Pro', 'Diamondback', 'SRAM X1 X-Horizon 11-speed', NULL, 'FOX 36 Performance Float', 'Shimano Deore M6000', 'Shimano Deore', 'T6 6061', 'Chaoyang Big Daddy', 'Race Face Aeffect', 'Race Face Aeffect', 2499.99, 2018, 'Mason_Pro.PNG'),
('Lux Comp', 'Diamondback', 'SRAM X1 X-Horizon 11-speed', NULL, 'RockShox Recon Silver', 'Shimano BR-M315', 'SRAM NX', 'Lux 27.5 Butted T6 6061', 'Schwalbe Rapid Rob', 'SRAM NX', 'DB Laser Bar', 999.99, 2017, 'Lux_Comp.PNG'),
('Overdrive Carbon Comp 29', 'Diamondback', 'SRAM X1 X-Horizon 11-speed', NULL, 'RockShox Recon Gold RL', 'Shimano BR-M315', 'SRAM NX', 'Diamondback AMMP XC MTB', 'Kenda Honey Badger', 'SRAM NX', 'Diamondback Pro Bar', 2299.99, 2017, 'Overdrive_Carbon_Comp_29.PNG'),
('Line', 'Diamondback', 'SRAM X5 9-speed', NULL, 'Suntour XCR 32', 'Tektro Auriga', 'SRAM X4', 'T6 6061', 'Schwalbe Tough Tom', 'Marin Forged Alloy', 'Diamondback Pro Bar', 849.99, 2016, 'Line.PNG'),
('Recoil 29', 'Diamondback', 'Shimano Altus FD-M370 9-speed', 'Kindshock Coil', 'Suntour XCT', 'Tektro Aries', 'Shimano Altus', 'Diamondback Recoil T6 6061', 'Kenda Honey Badger', 'SR Suntour XCC', 'DB SL318B', 699.99, 2017, 'Recoil_29.PNG'),
('Overdrive Comp 27.5', 'Diamondback', 'SRAM X1 X-Horizon 11-speed', NULL, 'RockShox Recon Silver', 'Shimano BR-M425', 'SRAM NX', 'Overdrive Butted T6 6061', 'Kenda Honey Badger', 'SRAM NX', 'Diamondback Pro Bar', 999.99, 2018, 'Overdrive_Comp_27.5.PNG'),
('Atroz', 'Diamondback', 'SRAM X5 9-speed', 'Suntour Raidon-R', 'Suntour XCM', 'Tektro Auriga', 'SRAM X4', 'T6 6061', 'Kenda Nevegal Lite', 'Marin Forged Alloy', 'Diamondback Pro Bar', 999.99, 2017, 'Atroz.PNG'),
('Clutch 2', 'Diamondback', 'SRAM GX 11-speed', 'RockShox Monarch Plus RCT3', 'RockShox Pike RC', 'SRAM Level TL', 'SRAM GX Eagle', 'COR Enduro Design', 'Schwalbe Hans Dampf Performance', 'Race Face Aeffect', 'DB35 Alloy', 3499.99, 2018, 'Clutch_2.PNG');